Date/Time,Temp,Dew Point Temp,Rel Hum (%),Wind Spd (km/h),Visibility (km),Stn Press (kPa),Weather
2012-03-01 00:00:00,-5.5,-9.7,72,24,4.0,100.97,Snow
2012-03-01 01:00:00,-5.7,-8.7,79,26,2.4,100.87,Snow
2012-03-01 02:00:00,-5.4,-8.3,80,28,4.8,100.8,Snow
2012-03-01 03:00:00,-4.7,-7.7,79,28,4.0,100.69,Snow
2012-03-01 04:00:00,-5.4,-7.8,83,35,1.6,100.62,Snow
2012-03-01 05:00:00,-5.3,-7.9,82,33,2.4,100.58,Snow
2012-03-01 06:00:00,-5.2,-7.8,82,33,4.0,100.57,Snow
2012-03-01 07:00:00,-4.9,-7.4,83,30,1.6,100.59,Snow
2012-03-01 08:00:00,-5.0,-7.5,83,32,1.2,100.59,Snow
2012-03-01 09:00:00,-4.9,-7.5,82,32,1.6,100.6,Snow
2012-03-01 10:00:00,-4.7,-7.3,82,32,1.2,100.62,Snow
2012-03-01 11:00:00,-4.4,-6.8,83,28,1.0,100.66,Snow
2012-03-01 12:00:00,-4.3,-6.8,83,30,1.2,100.66,Snow
2012-03-01 13:00:00,-4.3,-6.9,82,28,1.2,100.65,Snow
2012-03-01 14:00:00,-3.9,-6.6,81,28,1.2,100.67,Snow
2012-03-01 15:00:00,-3.3,-6.2,80,24,1.6,100.71,Snow
2012-03-01 16:00:00,-2.7,-5.7,80,19,2.4,100.74,Snow
2012-03-01 17:00:00,-2.9,-5.9,80,20,4.0,100.8,Snow
2012-03-01 18:00:00,-3.0,-6.0,80,19,4.0,100.87,Snow
2012-03-01 19:00:00,-3.6,-6.4,81,17,3.2,100.93,Snow
2012-03-01 20:00:00,-3.7,-6.4,81,20,4.8,100.95,Snow
2012-03-01 21:00:00,-3.9,-6.7,81,22,6.4,100.98,Snow
2012-03-01 22:00:00,-4.3,-6.9,82,22,2.4,101.0,Snow
2012-03-01 23:00:00,-4.3,-7.1,81,22,4.8,101.04,Snow
2012-03-02 00:00:00,-4.8,-7.3,83,22,3.2,101.04,Snow
2012-03-02 01:00:00,-5.3,-7.9,82,20,4.8,101.09,Snow
2012-03-02 02:00:00,-5.2,-7.8,82,19,6.4,101.11,Snow
2012-03-02 03:00:00,-5.5,-7.9,83,19,4.8,101.15,Snow
2012-03-02 04:00:00,-5.6,-8.2,82,24,6.4,101.15,Snow
2012-03-02 05:00:00,-5.5,-8.3,81,19,12.9,101.15,Snow
2012-03-02 06:00:00,-5.6,-8.6,79,19,16.1,101.14,Snow
2012-03-02 07:00:00,-5.7,-8.7,79,22,24.1,101.17,Cloudy
2012-03-02 08:00:00,-5.7,-8.8,79,17,24.1,101.2,Snow
2012-03-02 09:00:00,-6.1,-8.4,84,13,2.0,101.19,Snow
2012-03-02 10:00:00,-5.9,-8.3,83,15,4.0,101.22,Snow
2012-03-02 11:00:00,-5.5,-7.5,86,15,2.8,101.21,Snow
2012-03-02 12:00:00,-5.2,-7.1,86,13,2.4,101.18,"Freezing Drizzle,Snow"
2012-03-02 13:00:00,-4.6,-6.5,87,13,4.8,101.09,Snow
2012-03-02 14:00:00,-4.1,-6.1,86,15,8.0,101.03,Fog
2012-03-02 15:00:00,-3.3,-5.7,83,15,11.3,100.98,Cloudy
2012-03-02 16:00:00,-2.9,-5.3,83,15,11.3,100.93,Cloudy
2012-03-02 17:00:00,-2.7,-5.1,84,15,12.9,100.89,Cloudy
2012-03-02 18:00:00,-2.4,-4.8,84,20,12.9,100.81,Cloudy
2012-03-02 19:00:00,-1.8,-4.2,84,17,16.1,100.75,Cloudy
2012-03-02 20:00:00,-2.3,-4.7,84,15,16.1,100.74,Cloudy
2012-03-02 21:00:00,-1.4,-4.0,82,15,19.3,100.62,Cloudy
2012-03-02 22:00:00,0.2,-4.2,72,13,25.0,100.49,Cloudy
2012-03-02 23:00:00,0.5,-3.6,74,17,25.0,100.29,Cloudy
2012-03-03 00:00:00,1.0,-3.2,73,22,25.0,100.12,Cloudy
2012-03-03 01:00:00,1.2,-2.8,75,19,25.0,99.96,Snow
2012-03-03 02:00:00,-0.6,-2.9,84,19,2.4,99.75,Snow
2012-03-03 03:00:00,-0.3,-2.4,86,22,2.8,99.55,Snow
2012-03-03 04:00:00,0.3,-1.7,86,24,11.3,99.4,"Snow,Ice Pellets"
2012-03-03 05:00:00,0.8,-1.5,85,41,19.3,99.18,Cloudy
2012-03-03 06:00:00,1.5,-1.6,80,43,25.0,99.02,Mainly Clear
2012-03-03 07:00:00,2.0,-1.6,77,41,24.1,98.89,Mostly Cloudy
2012-03-03 08:00:00,2.7,-1.5,74,32,24.1,98.79,Mostly Cloudy
2012-03-03 09:00:00,3.0,-1.0,75,37,24.1,98.7,Cloudy
2012-03-03 10:00:00,3.7,0.4,79,15,24.1,98.86,Cloudy
2012-03-03 11:00:00,4.0,-0.7,71,32,24.1,98.82,Rain Showers
2012-03-03 12:00:00,5.2,-3.0,55,37,48.3,98.82,Mostly Cloudy
2012-03-03 13:00:00,5.8,-4.0,49,50,48.3,98.73,Mostly Cloudy
2012-03-03 14:00:00,6.5,-5.5,42,48,48.3,98.68,Mostly Cloudy
2012-03-03 15:00:00,5.3,-5.6,45,57,24.1,98.67,Mostly Cloudy
2012-03-03 16:00:00,5.0,-5.0,48,63,48.3,98.67,Mainly Clear
2012-03-03 17:00:00,4.3,-4.9,51,57,48.3,98.71,Mainly Clear
2012-03-03 18:00:00,3.7,-4.3,56,48,25.0,98.82,Mostly Cloudy
2012-03-03 19:00:00,3.4,-4.0,58,44,25.0,98.92,Mainly Clear
2012-03-03 20:00:00,3.2,-3.9,60,50,25.0,98.96,Mainly Clear
2012-03-03 21:00:00,2.9,-3.6,62,46,25.0,98.98,Snow
2012-03-03 22:00:00,2.8,-3.4,64,57,25.0,99.07,Snow
2012-03-03 23:00:00,2.3,-3.1,67,33,25.0,99.18,Snow
2012-03-04 00:00:00,0.5,-4.8,68,32,25.0,99.34,Mostly Cloudy
2012-03-04 01:00:00,-0.8,-6.0,68,24,25.0,99.46,Mostly Cloudy
2012-03-04 02:00:00,-1.8,-7.8,64,26,25.0,99.56,Mostly Cloudy
2012-03-04 03:00:00,-2.1,-8.2,63,19,25.0,99.63,Mostly Cloudy
2012-03-04 04:00:00,-2.9,-9.0,63,20,25.0,99.7,Mostly Cloudy
2012-03-04 05:00:00,-4.3,-10.5,62,19,25.0,99.77,Cloudy
2012-03-04 06:00:00,-4.8,-11.6,59,17,25.0,99.84,Mostly Cloudy
2012-03-04 07:00:00,-5.7,-12.6,58,22,24.1,99.88,Mostly Cloudy
2012-03-04 08:00:00,-5.9,-13.8,54,13,24.1,99.97,Mostly Cloudy
2012-03-04 09:00:00,-6.3,-13.5,57,15,24.1,99.95,Cloudy
2012-03-04 10:00:00,-6.3,-13.5,57,17,24.1,99.95,Cloudy
2012-03-04 11:00:00,-6.5,-14.0,55,17,24.1,99.96,Cloudy
2012-03-04 12:00:00,-5.8,-12.9,57,19,48.3,99.95,Mostly Cloudy
2012-03-04 13:00:00,-5.5,-12.8,56,19,48.3,99.88,Mainly Clear
2012-03-04 14:00:00,-5.7,-13.4,55,19,48.3,99.9,Mostly Cloudy
2012-03-04 15:00:00,-5.6,-13.5,54,22,48.3,99.9,Mostly Cloudy
2012-03-04 16:00:00,-5.5,-13.3,54,20,48.3,99.93,Mainly Clear
2012-03-04 17:00:00,-6.9,-14.6,54,22,48.3,99.94,Mainly Clear
2012-03-04 18:00:00,-7.9,-15.7,53,28,25.0,100.04,Mainly Clear
2012-03-04 19:00:00,-7.9,-15.5,54,22,25.0,100.09,Mostly Cloudy
2012-03-04 20:00:00,-8.5,-14.6,61,24,25.0,100.13,Cloudy
2012-03-04 21:00:00,-9.0,-13.7,69,15,25.0,100.18,Snow Showers
2012-03-04 22:00:00,-10.1,-15.5,65,17,25.0,100.21,Cloudy
2012-03-04 23:00:00,-11.1,-16.3,65,24,25.0,100.23,Mostly Cloudy
2012-03-05 00:00:00,-12.4,-17.4,66,19,25.0,100.26,Mainly Clear
2012-03-05 01:00:00,-13.6,-18.5,66,24,25.0,100.33,Mainly Clear
2012-03-05 02:00:00,-14.5,-22.3,52,24,25.0,100.39,Clear
2012-03-05 03:00:00,-15.0,-21.5,58,22,25.0,100.47,Clear
2012-03-05 04:00:00,-15.5,-21.9,58,26,25.0,100.55,Clear
2012-03-05 05:00:00,-15.9,-22.1,59,20,25.0,100.69,Clear
2012-03-05 06:00:00,-16.2,-22.6,58,26,24.1,100.77,Mostly Cloudy
2012-03-05 07:00:00,-16.2,-22.3,59,22,24.1,100.88,Mostly Cloudy
2012-03-05 08:00:00,-15.7,-22.5,56,24,24.1,101.0,Mostly Cloudy
2012-03-05 09:00:00,-15.1,-22.1,55,24,24.1,101.11,Mostly Cloudy
2012-03-05 10:00:00,-14.4,-21.5,55,26,24.1,101.21,Mostly Cloudy
2012-03-05 11:00:00,-13.4,-20.7,54,26,48.3,101.31,Mostly Cloudy
2012-03-05 12:00:00,-12.2,-19.9,53,6,48.3,101.39,Mostly Cloudy
2012-03-05 13:00:00,-11.3,-19.5,51,24,48.3,101.46,Mostly Cloudy
2012-03-05 14:00:00,-10.8,-19.8,47,28,48.3,101.55,Mostly Cloudy
2012-03-05 15:00:00,-10.0,-18.6,49,30,48.3,101.64,Mostly Cloudy
2012-03-05 16:00:00,-9.9,-18.9,48,26,48.3,101.73,Mostly Cloudy
2012-03-05 17:00:00,-9.5,-18.8,47,24,48.3,101.82,Mainly Clear
2012-03-05 18:00:00,-9.8,-19.0,47,22,25.0,101.9,Mainly Clear
2012-03-05 19:00:00,-10.1,-19.1,48,20,25.0,102.01,Clear
2012-03-05 20:00:00,-10.5,-19.2,49,17,25.0,102.11,Mainly Clear
2012-03-05 21:00:00,-11.0,-19.6,49,17,25.0,102.23,Clear
2012-03-05 22:00:00,-11.6,-20.2,49,15,25.0,102.29,Clear
2012-03-05 23:00:00,-12.6,-20.3,53,11,25.0,102.34,Clear
2012-03-06 00:00:00,-13.4,-20.5,55,11,25.0,102.41,Clear
2012-03-06 01:00:00,-13.4,-20.3,56,11,25.0,102.5,Clear
2012-03-06 02:00:00,-13.7,-20.7,55,4,25.0,102.55,Clear
2012-03-06 03:00:00,-14.8,-21.1,59,9,25.0,102.61,Clear
2012-03-06 04:00:00,-14.5,-21.1,57,9,25.0,102.7,Clear
2012-03-06 05:00:00,-14.6,-21.0,58,13,25.0,102.85,Clear
2012-03-06 06:00:00,-15.3,-21.3,60,11,24.1,102.9,Clear
2012-03-06 07:00:00,-14.8,-20.7,61,11,48.3,103.0,Clear
2012-03-06 08:00:00,-13.0,-19.4,59,0,48.3,103.06,Clear
2012-03-06 09:00:00,-11.3,-19.1,52,6,48.3,103.1,Clear
2012-03-06 10:00:00,-10.0,-16.8,57,9,48.3,103.12,Mainly Clear
2012-03-06 11:00:00,-9.0,-17.8,49,15,48.3,103.12,Mainly Clear
2012-03-06 12:00:00,-7.8,-15.3,55,13,48.3,103.09,Mainly Clear
2012-03-06 13:00:00,-6.7,-16.0,48,9,48.3,103.01,Mainly Clear
2012-03-06 14:00:00,-5.8,-15.8,45,9,48.3,102.98,Mainly Clear
2012-03-06 15:00:00,-5.3,-15.7,44,6,48.3,102.96,Mainly Clear
2012-03-06 16:00:00,-4.9,-16.2,41,11,48.3,102.94,Mainly Clear
2012-03-06 17:00:00,-4.8,-15.1,44,6,48.3,102.9,Mainly Clear
2012-03-06 18:00:00,-6.3,-14.6,52,6,48.3,102.84,Mainly Clear
2012-03-06 19:00:00,-5.4,-13.4,53,11,25.0,102.81,Mostly Cloudy
2012-03-06 20:00:00,-5.3,-13.6,52,9,25.0,102.72,Mainly Clear
2012-03-06 21:00:00,-5.4,-14.4,49,9,25.0,102.69,Mostly Cloudy
2012-03-06 22:00:00,-5.0,-15.1,45,9,25.0,102.59,Mostly Cloudy
2012-03-06 23:00:00,-4.5,-15.7,41,6,25.0,102.55,Mostly Cloudy
2012-03-07 00:00:00,-3.6,-13.3,47,6,25.0,102.44,Mostly Cloudy
2012-03-07 01:00:00,-3.9,-11.3,56,9,25.0,102.46,Mostly Cloudy
2012-03-07 02:00:00,-5.7,-11.9,62,17,25.0,102.37,Cloudy
2012-03-07 03:00:00,-5.3,-11.6,61,13,25.0,102.22,Cloudy
2012-03-07 04:00:00,-5.2,-11.2,63,15,25.0,102.16,Cloudy
2012-03-07 05:00:00,-5.3,-11.2,63,17,25.0,102.13,Mostly Cloudy
2012-03-07 06:00:00,-4.3,-10.3,63,15,24.1,101.98,Cloudy
2012-03-07 07:00:00,-3.9,-9.2,67,11,48.3,101.92,Cloudy
2012-03-07 08:00:00,-4.6,-9.5,69,11,48.3,101.91,Mostly Cloudy
2012-03-07 09:00:00,-2.5,-7.7,67,11,24.1,101.85,Clear
2012-03-07 10:00:00,-0.1,-6.5,62,6,24.1,101.76,Clear
2012-03-07 11:00:00,3.0,-4.7,57,6,24.1,101.67,Mainly Clear
2012-03-07 12:00:00,6.4,-3.6,49,4,24.1,101.58,Mainly Clear
2012-03-07 13:00:00,8.9,-4.4,39,13,24.1,101.49,Mainly Clear
2012-03-07 14:00:00,9.3,-4.1,39,13,24.1,101.41,Mainly Clear
2012-03-07 15:00:00,9.7,-2.7,42,13,24.1,101.36,Mainly Clear
2012-03-07 16:00:00,11.4,-2.3,38,15,24.1,101.31,Mostly Cloudy
2012-03-07 17:00:00,9.9,-1.9,44,9,24.1,101.25,Mostly Cloudy
2012-03-07 18:00:00,5.5,-1.6,60,7,24.1,101.25,Mainly Clear
2012-03-07 19:00:00,6.0,-1.8,57,11,25.0,101.22,Mostly Cloudy
2012-03-07 20:00:00,7.6,-2.1,50,20,25.0,101.18,Mostly Cloudy
2012-03-07 21:00:00,6.8,-2.1,53,22,25.0,101.16,Mostly Cloudy
2012-03-07 22:00:00,6.0,-1.7,58,17,25.0,101.12,Cloudy
2012-03-07 23:00:00,4.8,-1.7,63,15,25.0,101.05,Cloudy
2012-03-08 00:00:00,6.2,-1.5,58,20,25.0,100.98,Cloudy
2012-03-08 01:00:00,5.5,-1.4,61,11,25.0,100.92,Cloudy
2012-03-08 02:00:00,7.9,-1.2,53,17,25.0,100.81,Mostly Cloudy
2012-03-08 03:00:00,10.1,-0.9,46,24,25.0,100.69,Mostly Cloudy
2012-03-08 04:00:00,10.0,-0.7,47,28,25.0,100.64,Mostly Cloudy
2012-03-08 05:00:00,5.7,-0.8,63,19,25.0,100.57,Mostly Cloudy
2012-03-08 06:00:00,7.6,-0.4,57,19,24.1,100.52,Cloudy
2012-03-08 07:00:00,10.3,0.8,52,26,48.3,100.47,Cloudy
2012-03-08 08:00:00,6.7,0.2,63,19,48.3,100.39,Cloudy
2012-03-08 09:00:00,10.2,1.6,55,26,48.3,100.29,Cloudy
2012-03-08 10:00:00,12.1,2.9,53,30,24.1,100.22,Cloudy
2012-03-08 11:00:00,12.7,3.8,55,26,24.1,100.13,Cloudy
2012-03-08 12:00:00,11.7,4.0,59,20,24.1,100.08,Rain
2012-03-08 13:00:00,11.5,5.2,65,20,24.1,99.99,Cloudy
2012-03-08 14:00:00,11.7,5.9,68,26,24.1,99.88,Cloudy
2012-03-08 15:00:00,11.7,6.6,71,37,19.3,99.82,Rain
2012-03-08 16:00:00,11.6,6.4,70,32,24.1,99.75,Rain
2012-03-08 17:00:00,11.3,6.9,74,37,19.3,99.66,Rain
2012-03-08 18:00:00,10.5,7.8,83,46,6.4,99.64,Rain
2012-03-08 19:00:00,6.1,3.2,82,30,16.1,99.78,Rain
2012-03-08 20:00:00,5.0,1.6,79,41,25.0,99.9,Rain
2012-03-08 21:00:00,3.7,1.0,82,41,12.9,100.04,Rain
2012-03-08 22:00:00,2.0,-0.5,83,46,9.7,100.13,"Rain,Fog"
2012-03-08 23:00:00,0.8,-1.4,85,35,2.4,100.25,Snow
2012-03-09 00:00:00,-0.1,-2.0,87,28,2.8,100.33,Snow
2012-03-09 01:00:00,0.0,-3.7,76,22,25.0,100.41,Mostly Cloudy
2012-03-09 02:00:00,-1.2,-6.6,67,20,25.0,100.62,Mainly Clear
2012-03-09 03:00:00,-2.6,-8.5,64,24,25.0,100.81,Mainly Clear
2012-03-09 04:00:00,-3.9,-8.7,69,11,25.0,100.97,Mainly Clear
2012-03-09 05:00:00,-3.9,-9.1,67,20,25.0,101.13,Mainly Clear
2012-03-09 06:00:00,-4.3,-9.0,70,15,25.0,101.26,Mainly Clear
2012-03-09 07:00:00,-5.0,-9.7,70,15,24.1,101.31,Clear
2012-03-09 08:00:00,-4.7,-10.2,65,15,24.1,101.41,Clear
2012-03-09 09:00:00,-4.0,-9.5,66,20,24.1,101.46,Clear
2012-03-09 10:00:00,-3.7,-10.1,61,19,48.3,101.48,Mainly Clear
2012-03-09 11:00:00,-3.0,-10.0,58,17,48.3,101.47,Mainly Clear
2012-03-09 12:00:00,-2.1,-8.5,62,20,48.3,101.44,Mainly Clear
2012-03-09 13:00:00,-1.5,-8.8,57,15,48.3,101.42,Mainly Clear
2012-03-09 14:00:00,-1.0,-7.6,61,19,48.3,101.43,Mainly Clear
2012-03-09 15:00:00,-1.1,-7.9,60,17,48.3,101.45,Mostly Cloudy
2012-03-09 16:00:00,-0.7,-8.4,56,11,48.3,101.44,Mostly Cloudy
2012-03-09 17:00:00,-0.9,-7.9,59,7,48.3,101.47,Mostly Cloudy
2012-03-09 18:00:00,-2.0,-8.7,60,7,25.0,101.52,Mainly Clear
2012-03-09 19:00:00,-2.6,-8.2,65,4,25.0,101.57,Mostly Cloudy
2012-03-09 20:00:00,-2.0,-9.0,59,4,25.0,101.61,Mostly Cloudy
2012-03-09 21:00:00,-1.9,-8.6,60,6,25.0,101.63,Mostly Cloudy
2012-03-09 22:00:00,-2.2,-8.9,60,7,25.0,101.64,Mostly Cloudy
2012-03-09 23:00:00,-2.6,-8.6,63,6,25.0,101.68,Cloudy
2012-03-10 00:00:00,-2.2,-8.7,61,4,25.0,101.77,Cloudy
2012-03-10 01:00:00,-2.7,-8.6,64,15,25.0,101.89,Cloudy
2012-03-10 02:00:00,-3.8,-10.6,59,19,25.0,102.01,Cloudy
2012-03-10 03:00:00,-4.1,-12.7,51,24,25.0,102.1,Cloudy
2012-03-10 04:00:00,-5.7,-13.1,56,26,25.0,102.27,Mainly Clear
2012-03-10 05:00:00,-6.4,-14.0,55,20,25.0,102.42,Mainly Clear
2012-03-10 06:00:00,-6.8,-14.1,56,26,24.1,102.6,Mostly Cloudy
2012-03-10 07:00:00,-7.1,-14.6,55,20,48.3,102.73,Mainly Clear
2012-03-10 08:00:00,-6.8,-14.6,54,19,48.3,102.84,Mainly Clear
2012-03-10 09:00:00,-6.3,-14.1,54,15,48.3,102.95,Mostly Cloudy
2012-03-10 10:00:00,-6.1,-14.5,51,6,48.3,103.01,Mainly Clear
2012-03-10 11:00:00,-4.0,-13.2,49,0,48.3,103.02,Mainly Clear
2012-03-10 12:00:00,-4.1,-12.1,54,7,48.3,102.99,Clear
2012-03-10 13:00:00,-3.2,-11.3,53,7,48.3,102.89,Mainly Clear
2012-03-10 14:00:00,-2.6,-11.1,52,15,48.3,102.84,Mostly Cloudy
2012-03-10 15:00:00,-2.7,-10.2,56,11,48.3,102.75,Mostly Cloudy
2012-03-10 16:00:00,-1.8,-10.3,52,13,48.3,102.71,Mainly Clear
2012-03-10 17:00:00,-1.6,-10.0,53,17,48.3,102.68,Mainly Clear
2012-03-10 18:00:00,-2.1,-10.1,54,9,25.0,102.66,Mainly Clear
2012-03-10 19:00:00,-1.9,-9.4,56,9,25.0,102.67,Mainly Clear
2012-03-10 20:00:00,-2.3,-8.0,65,11,25.0,102.6,Mostly Cloudy
2012-03-10 21:00:00,-2.3,-8.1,64,11,25.0,102.54,Mostly Cloudy
2012-03-10 22:00:00,-2.0,-7.1,68,11,25.0,102.5,Snow Showers
2012-03-10 23:00:00,-1.7,-7.1,67,7,25.0,102.45,Cloudy
2012-03-11 00:00:00,-3.1,-7.2,73,7,25.0,102.36,Mainly Clear
2012-03-11 01:00:00,-3.2,-6.9,76,7,25.0,102.28,Mainly Clear
2012-03-11 02:00:00,-3.1,-7.1,74,7,25.0,102.18,Mainly Clear
2012-03-11 03:00:00,-2.2,-7.0,70,17,25.0,102.05,Cloudy
2012-03-11 04:00:00,-1.7,-6.9,68,13,25.0,102.02,Cloudy
2012-03-11 05:00:00,-2.1,-7.0,69,11,25.0,101.98,Mainly Clear
2012-03-11 06:00:00,-1.5,-6.7,68,7,48.3,101.98,Cloudy
2012-03-11 07:00:00,-1.8,-6.9,68,11,48.3,101.97,Clear
2012-03-11 08:00:00,0.1,-6.2,63,7,48.3,102.0,Clear
2012-03-11 09:00:00,2.7,-5.9,53,7,48.3,101.98,Mainly Clear
2012-03-11 10:00:00,3.8,-5.7,50,13,48.3,101.97,Clear
2012-03-11 11:00:00,5.9,-4.2,48,11,48.3,101.92,Clear
2012-03-11 12:00:00,6.8,-3.2,49,24,48.3,101.86,Clear
2012-03-11 13:00:00,9.0,-1.9,46,20,48.3,101.79,Clear
2012-03-11 14:00:00,9.5,-1.6,46,24,48.3,101.74,Clear
2012-03-11 15:00:00,10.5,-1.3,44,20,48.3,101.69,Clear
2012-03-11 16:00:00,10.9,-0.7,45,15,48.3,101.65,Clear
2012-03-11 17:00:00,10.7,-0.6,45,11,48.3,101.65,Clear
2012-03-11 18:00:00,9.1,-1.0,49,7,25.0,101.68,Clear
2012-03-11 19:00:00,7.4,-1.2,54,6,25.0,101.69,Clear
2012-03-11 20:00:00,4.8,-1.5,64,9,48.3,101.7,Clear
2012-03-11 21:00:00,4.8,-1.6,63,13,25.0,101.72,Mainly Clear
2012-03-11 22:00:00,5.2,-1.9,60,6,25.0,101.72,Clear
2012-03-11 23:00:00,6.1,-2.0,56,7,25.0,101.75,Clear
2012-03-12 00:00:00,6.0,-1.8,57,20,25.0,101.77,Clear
2012-03-12 01:00:00,5.2,-1.8,61,17,25.0,101.77,Mainly Clear
2012-03-12 02:00:00,4.6,-2.1,62,9,25.0,101.77,Mainly Clear
2012-03-12 03:00:00,1.5,-2.8,73,11,25.0,101.78,Mainly Clear
2012-03-12 04:00:00,1.8,-2.6,73,4,25.0,101.8,Mainly Clear
2012-03-12 05:00:00,2.3,-1.9,74,9,25.0,101.82,Clear
2012-03-12 06:00:00,3.1,-1.8,70,11,48.3,101.89,Clear
2012-03-12 07:00:00,2.6,-2.3,70,4,48.3,101.98,Mainly Clear
2012-03-12 08:00:00,4.4,-1.0,68,6,48.3,102.03,Mainly Clear
2012-03-12 09:00:00,6.5,-0.2,62,0,48.3,102.03,Mostly Cloudy
2012-03-12 10:00:00,8.3,0.2,57,9,24.1,102.0,Cloudy
2012-03-12 11:00:00,10.6,0.3,49,6,24.1,101.99,Cloudy
2012-03-12 12:00:00,10.8,0.4,49,9,48.3,101.94,Mostly Cloudy
2012-03-12 13:00:00,11.6,0.6,47,13,48.3,101.84,Mostly Cloudy
2012-03-12 14:00:00,12.3,1.4,47,6,48.3,101.79,Mostly Cloudy
2012-03-12 15:00:00,12.4,0.6,44,4,48.3,101.71,Cloudy
2012-03-12 16:00:00,11.8,1.2,48,4,25.0,101.64,Cloudy
2012-03-12 17:00:00,11.6,1.0,48,6,24.1,101.57,Cloudy
2012-03-12 18:00:00,9.0,1.1,58,13,25.0,101.54,Cloudy
2012-03-12 19:00:00,8.7,1.1,59,13,25.0,101.5,Cloudy
2012-03-12 20:00:00,9.2,1.4,58,13,25.0,101.44,Cloudy
2012-03-12 21:00:00,8.4,1.0,60,13,25.0,101.39,Mostly Cloudy
2012-03-12 22:00:00,7.9,0.7,60,11,25.0,101.35,Mostly Cloudy
2012-03-12 23:00:00,6.6,-0.3,61,11,25.0,101.22,Mostly Cloudy
2012-03-13 00:00:00,7.5,-0.7,56,13,25.0,101.11,Mostly Cloudy
2012-03-13 01:00:00,5.1,-0.9,65,13,25.0,101.07,Rain Showers
2012-03-13 02:00:00,4.8,-1.0,66,6,25.0,101.05,Rain Showers
2012-03-13 03:00:00,4.6,-0.2,71,15,25.0,100.87,Cloudy
2012-03-13 04:00:00,6.5,1.1,68,7,25.0,100.74,Cloudy
2012-03-13 05:00:00,5.8,1.1,72,6,25.0,100.71,Cloudy
2012-03-13 06:00:00,7.4,1.8,68,9,19.3,100.6,Cloudy
2012-03-13 07:00:00,4.0,1.0,81,11,9.7,100.61,"Rain,Haze"
2012-03-13 08:00:00,5.5,2.9,83,7,6.4,100.5,"Rain,Haze"
2012-03-13 09:00:00,4.4,2.3,86,17,4.0,100.51,"Rain,Haze"
2012-03-13 10:00:00,3.5,1.5,87,11,2.4,100.54,"Drizzle,Fog"
2012-03-13 11:00:00,3.5,1.6,87,11,4.8,100.57,"Drizzle,Fog"
2012-03-13 12:00:00,3.9,2.2,89,9,4.8,100.64,Fog
2012-03-13 13:00:00,4.9,3.0,87,7,6.4,100.63,Fog
2012-03-13 14:00:00,6.5,4.5,87,7,6.4,100.61,Fog
2012-03-13 15:00:00,5.3,3.3,87,11,8.0,100.63,Fog
2012-03-13 16:00:00,5.5,2.8,83,11,8.0,100.67,Haze
2012-03-13 17:00:00,4.9,2.2,83,17,8.0,100.68,Haze
2012-03-13 18:00:00,4.0,1.5,84,13,8.0,100.73,Haze
2012-03-13 19:00:00,3.1,0.9,85,17,6.4,100.79,"Drizzle,Fog"
2012-03-13 20:00:00,2.6,0.3,85,17,6.4,100.77,Haze
2012-03-13 21:00:00,1.1,-1.0,86,20,4.8,100.87,"Rain,Fog"
2012-03-13 22:00:00,1.4,-0.7,86,6,6.4,100.93,Haze
2012-03-13 23:00:00,1.1,-0.9,86,9,4.8,100.98,Haze
2012-03-14 00:00:00,0.7,-1.0,88,7,3.2,101.02,Fog
2012-03-14 01:00:00,0.7,-0.9,89,7,1.0,101.06,Fog
2012-03-14 02:00:00,0.6,-1.0,89,7,0.8,101.05,Fog
2012-03-14 03:00:00,0.8,-0.3,92,6,0.6,101.06,Fog
2012-03-14 04:00:00,0.8,-0.6,90,4,0.6,101.13,Fog
2012-03-14 05:00:00,0.7,-0.9,89,6,0.6,101.23,Fog
2012-03-14 06:00:00,0.6,-0.9,90,7,0.6,101.28,Fog
2012-03-14 07:00:00,0.8,-0.4,92,6,2.4,101.36,Fog
2012-03-14 08:00:00,1.1,-0.1,92,6,3.2,101.46,"Rain,Fog"
2012-03-14 09:00:00,1.6,0.4,92,7,4.8,101.51,"Rain,Fog"
2012-03-14 10:00:00,1.1,0.5,96,7,2.4,101.57,"Snow,Fog"
2012-03-14 11:00:00,0.4,0.1,98,6,1.6,101.6,"Snow,Fog"
2012-03-14 12:00:00,1.0,0.8,99,4,2.0,101.65,"Snow,Fog"
2012-03-14 13:00:00,2.1,1.8,98,4,4.8,101.67,"Rain,Fog"
2012-03-14 14:00:00,2.2,1.8,97,7,8.0,101.7,"Drizzle,Fog"
2012-03-14 15:00:00,1.7,1.3,97,13,4.8,101.77,"Drizzle,Fog"
2012-03-14 16:00:00,1.5,1.2,98,13,8.0,101.82,"Drizzle,Fog"
2012-03-14 17:00:00,1.0,0.6,97,15,9.7,101.89,Fog
2012-03-14 18:00:00,0.5,0.1,97,17,9.7,101.99,"Drizzle,Fog"
2012-03-14 19:00:00,0.3,-0.2,96,15,8.0,102.07,"Snow,Fog"
2012-03-14 20:00:00,0.2,-0.5,95,15,12.9,102.13,Cloudy
2012-03-14 21:00:00,-0.1,-0.9,94,17,12.9,102.17,Cloudy
2012-03-14 22:00:00,-0.3,-1.3,93,20,12.9,102.18,Cloudy
2012-03-14 23:00:00,-0.6,-1.6,93,15,12.9,102.23,Cloudy
2012-03-15 00:00:00,-0.6,-1.7,92,19,12.9,102.24,Cloudy
2012-03-15 01:00:00,-0.6,-1.7,92,19,12.9,102.27,Cloudy
2012-03-15 02:00:00,-0.4,-1.5,92,13,12.9,102.29,Cloudy
2012-03-15 03:00:00,-0.3,-1.5,92,11,12.9,102.25,Cloudy
2012-03-15 04:00:00,-0.2,-1.3,92,17,12.9,102.26,Cloudy
2012-03-15 05:00:00,-0.3,-1.5,92,15,12.9,102.34,Cloudy
2012-03-15 06:00:00,-0.3,-1.6,91,20,16.1,102.36,Cloudy
2012-03-15 07:00:00,-0.5,-1.9,90,13,16.1,102.4,Cloudy
2012-03-15 08:00:00,-0.5,-2.1,89,17,19.3,102.42,Cloudy
2012-03-15 09:00:00,-0.3,-2.0,88,20,16.1,102.39,Cloudy
2012-03-15 10:00:00,0.4,-1.6,86,22,19.3,102.31,Cloudy
2012-03-15 11:00:00,1.1,-1.3,84,19,24.1,102.23,Cloudy
2012-03-15 12:00:00,2.2,-0.7,81,19,24.1,102.18,Cloudy
2012-03-15 13:00:00,3.4,0.0,78,22,24.1,102.12,Cloudy
2012-03-15 14:00:00,3.4,-0.1,78,22,24.1,102.05,Cloudy
2012-03-15 15:00:00,4.0,0.6,78,24,24.1,102.0,Mostly Cloudy
2012-03-15 16:00:00,3.5,0.1,78,20,24.1,101.99,Mostly Cloudy
2012-03-15 17:00:00,3.0,-0.3,79,26,24.1,101.98,Mostly Cloudy
2012-03-15 18:00:00,2.6,-0.3,81,22,24.1,101.98,Rain Showers
2012-03-15 19:00:00,2.4,-0.4,82,28,25.0,101.88,Mostly Cloudy
2012-03-15 20:00:00,2.3,-0.2,84,24,25.0,101.86,Mostly Cloudy
2012-03-15 21:00:00,2.0,0.4,89,28,25.0,101.8,Rain Showers
2012-03-15 22:00:00,2.1,0.5,89,20,25.0,101.77,Mostly Cloudy
2012-03-15 23:00:00,1.8,0.2,89,19,25.0,101.7,Mostly Cloudy
2012-03-16 00:00:00,1.8,0.4,90,19,25.0,101.67,Cloudy
2012-03-16 01:00:00,1.9,0.6,91,15,25.0,101.54,Rain Showers
2012-03-16 02:00:00,1.1,0.2,94,17,12.9,101.56,Rain
2012-03-16 03:00:00,1.1,0.5,96,19,6.4,101.46,Rain
2012-03-16 04:00:00,1.0,0.5,96,17,4.8,101.39,Rain
2012-03-16 05:00:00,0.7,0.3,97,20,4.8,101.36,Rain
2012-03-16 06:00:00,0.6,0.2,97,24,6.4,101.39,"Rain,Fog"
2012-03-16 07:00:00,1.1,0.6,96,19,4.8,101.37,"Rain,Fog"
2012-03-16 08:00:00,1.1,0.7,97,15,4.0,101.38,"Rain,Fog"
2012-03-16 09:00:00,1.1,0.7,97,17,4.0,101.41,"Rain,Fog"
2012-03-16 10:00:00,1.5,1.1,97,13,4.8,101.41,"Rain,Fog"
2012-03-16 11:00:00,1.8,1.3,96,13,8.0,101.4,"Rain,Fog"
2012-03-16 12:00:00,2.5,2.0,96,6,8.0,101.42,Fog
2012-03-16 13:00:00,3.3,2.8,97,6,9.7,101.38,Fog
2012-03-16 14:00:00,4.0,3.2,95,11,9.7,101.4,Fog
2012-03-16 15:00:00,3.7,3.2,97,7,6.4,101.48,Fog
2012-03-16 16:00:00,4.3,3.5,95,4,8.0,101.53,Fog
2012-03-16 17:00:00,4.1,3.2,94,7,8.0,101.61,Fog
2012-03-16 18:00:00,3.8,3.2,96,7,4.8,101.71,"Drizzle,Fog"
2012-03-16 19:00:00,3.8,3.2,96,0,3.2,101.77,"Drizzle,Fog"
2012-03-16 20:00:00,3.7,3.3,97,0,2.0,101.93,"Drizzle,Fog"
2012-03-16 21:00:00,4.0,3.7,98,7,3.2,101.93,"Drizzle,Fog"
2012-03-16 22:00:00,3.8,3.4,97,0,6.4,102.04,"Drizzle,Fog"
2012-03-16 23:00:00,3.7,3.3,97,0,3.2,102.07,"Drizzle,Fog"
2012-03-17 00:00:00,3.8,3.5,98,4,1.6,102.05,"Drizzle,Fog"
2012-03-17 01:00:00,3.0,2.7,98,6,0.6,102.05,Fog
2012-03-17 02:00:00,2.7,2.5,99,4,0.2,102.09,Fog
2012-03-17 03:00:00,1.8,1.6,99,4,0.2,102.1,Fog
2012-03-17 04:00:00,0.3,0.1,99,0,0.2,102.15,Fog
2012-03-17 05:00:00,-0.1,-0.3,99,0,0.8,102.2,Freezing Fog
2012-03-17 06:00:00,-0.1,-0.4,98,4,0.2,102.26,Freezing Fog
2012-03-17 07:00:00,0.5,0.4,99,0,0.2,102.34,Fog
2012-03-17 08:00:00,1.0,0.9,99,0,0.2,102.39,Fog
2012-03-17 09:00:00,1.6,1.5,99,4,0.2,102.38,Fog
2012-03-17 10:00:00,2.6,2.6,100,0,0.2,102.37,Fog
2012-03-17 11:00:00,4.1,3.8,98,4,0.6,102.34,Fog
2012-03-17 12:00:00,5.7,5.3,97,4,9.7,102.32,Fog
2012-03-17 13:00:00,8.1,6.2,88,7,16.1,102.18,Cloudy
2012-03-17 14:00:00,9.2,4.3,71,7,24.1,102.13,Cloudy
2012-03-17 15:00:00,10.2,4.4,67,6,24.1,102.07,Cloudy
2012-03-17 16:00:00,10.5,4.1,65,7,48.3,102.02,Cloudy
2012-03-17 17:00:00,10.1,4.7,69,9,48.3,101.97,Cloudy
2012-03-17 18:00:00,10.1,5.4,73,7,48.3,101.95,Cloudy
2012-03-17 19:00:00,9.8,5.9,77,6,25.0,101.93,Cloudy
2012-03-17 20:00:00,9.3,5.2,76,0,25.0,101.92,Cloudy
2012-03-17 21:00:00,8.8,5.5,80,4,25.0,101.8,Mostly Cloudy
2012-03-17 22:00:00,7.7,4.9,82,0,25.0,101.77,Mainly Clear
2012-03-17 23:00:00,6.7,4.7,87,7,25.0,101.78,Mainly Clear
2012-03-18 00:00:00,3.8,2.8,93,4,25.0,101.75,Mainly Clear
2012-03-18 01:00:00,5.2,3.5,89,0,25.0,101.74,Mostly Cloudy
2012-03-18 02:00:00,4.3,3.0,91,6,25.0,101.71,Mainly Clear
2012-03-18 03:00:00,3.9,2.4,90,7,25.0,101.66,Clear
2012-03-18 04:00:00,3.2,2.3,94,6,25.0,101.69,Clear
2012-03-18 05:00:00,3.5,2.4,92,6,25.0,101.7,Clear
2012-03-18 06:00:00,3.6,2.6,93,7,24.1,101.72,Clear
2012-03-18 07:00:00,5.1,3.7,91,4,48.3,101.78,Mainly Clear
2012-03-18 08:00:00,8.8,5.8,81,11,48.3,101.79,Mainly Clear
2012-03-18 09:00:00,10.4,6.6,77,11,48.3,101.81,Mainly Clear
2012-03-18 10:00:00,11.9,6.7,70,13,48.3,101.78,Mainly Clear
2012-03-18 11:00:00,14.1,7.6,65,13,48.3,101.71,Clear
2012-03-18 12:00:00,17.3,8.7,57,11,48.3,101.63,Clear
2012-03-18 13:00:00,20.0,9.9,52,15,48.3,101.55,Mainly Clear
2012-03-18 14:00:00,21.7,10.5,49,13,48.3,101.45,Mainly Clear
2012-03-18 15:00:00,22.2,10.4,47,15,48.3,101.39,Mainly Clear
2012-03-18 16:00:00,22.7,10.7,47,11,48.3,101.35,Mainly Clear
2012-03-18 17:00:00,21.8,11.0,50,6,48.3,101.32,Mostly Cloudy
2012-03-18 18:00:00,18.4,10.1,58,9,48.3,101.32,Mostly Cloudy
2012-03-18 19:00:00,17.1,9.8,62,0,25.0,101.3,Mainly Clear
2012-03-18 20:00:00,12.8,8.6,76,7,25.0,101.34,Clear
2012-03-18 21:00:00,13.4,9.2,76,4,25.0,101.37,Mainly Clear
2012-03-18 22:00:00,12.6,8.9,78,7,25.0,101.39,Mainly Clear
2012-03-18 23:00:00,10.6,7.9,83,6,25.0,101.37,Mainly Clear
2012-03-19 00:00:00,9.8,7.6,86,6,25.0,101.37,Mainly Clear
2012-03-19 01:00:00,10.8,8.5,86,6,25.0,101.39,Clear
2012-03-19 02:00:00,10.6,8.6,87,4,25.0,101.42,Clear
2012-03-19 03:00:00,10.2,8.3,88,11,25.0,101.42,Clear
2012-03-19 04:00:00,11.2,9.0,86,6,25.0,101.49,Clear
2012-03-19 05:00:00,9.7,8.1,90,7,25.0,101.5,Clear
2012-03-19 06:00:00,11.3,9.4,88,4,24.1,101.56,Mainly Clear
2012-03-19 07:00:00,9.9,8.5,91,0,12.9,101.59,Mostly Cloudy
2012-03-19 08:00:00,11.9,9.9,88,7,12.9,101.67,Mostly Cloudy
2012-03-19 09:00:00,13.9,10.5,80,6,12.9,101.71,Mainly Clear
2012-03-19 10:00:00,15.6,11.0,74,6,16.1,101.75,Mainly Clear
2012-03-19 11:00:00,17.8,11.6,67,4,16.1,101.75,Mainly Clear
2012-03-19 12:00:00,19.8,12.0,61,4,19.3,101.75,Mainly Clear
2012-03-19 13:00:00,18.5,11.0,62,19,19.3,101.72,Mainly Clear
2012-03-19 14:00:00,17.0,9.9,63,15,24.1,101.72,Mainly Clear
2012-03-19 15:00:00,16.3,10.0,66,17,24.1,101.71,Mainly Clear
2012-03-19 16:00:00,16.6,9.7,64,11,24.1,101.66,Mainly Clear
2012-03-19 17:00:00,15.9,9.1,64,13,24.1,101.66,Mainly Clear
2012-03-19 18:00:00,13.9,7.9,67,19,24.1,101.67,Mainly Clear
2012-03-19 19:00:00,12.5,6.7,68,15,25.0,101.71,Mainly Clear
2012-03-19 20:00:00,10.6,5.4,70,13,25.0,101.8,Mainly Clear
2012-03-19 21:00:00,9.5,4.1,69,15,25.0,101.8,Clear
2012-03-19 22:00:00,8.8,2.7,66,17,25.0,101.83,Clear
2012-03-19 23:00:00,7.2,1.8,69,9,25.0,101.86,Clear
2012-03-20 00:00:00,7.1,1.0,65,11,25.0,101.85,Clear
2012-03-20 01:00:00,6.1,0.7,68,11,25.0,101.85,Clear
2012-03-20 02:00:00,5.7,0.4,69,11,25.0,101.85,Clear
2012-03-20 03:00:00,5.2,0.2,70,7,25.0,101.86,Clear
2012-03-20 04:00:00,5.2,-0.2,68,4,25.0,101.88,Clear
2012-03-20 05:00:00,5.0,-0.3,69,7,25.0,101.92,Clear
2012-03-20 06:00:00,3.2,-0.6,76,4,24.1,101.97,Clear
2012-03-20 07:00:00,5.5,-0.1,67,4,24.1,102.0,Clear
2012-03-20 08:00:00,8.0,0.6,60,6,24.1,102.08,Clear
2012-03-20 09:00:00,10.6,1.3,53,0,19.3,102.09,Mainly Clear
2012-03-20 10:00:00,12.6,2.6,50,4,24.1,102.07,Mainly Clear
2012-03-20 11:00:00,14.9,4.0,48,6,24.1,102.02,Clear
2012-03-20 12:00:00,16.5,6.7,52,9,24.1,101.98,Clear
2012-03-20 13:00:00,20.0,10.8,55,13,24.1,101.93,Clear
2012-03-20 14:00:00,21.5,11.8,54,11,24.1,101.83,Clear
2012-03-20 15:00:00,22.5,12.3,52,9,24.1,101.78,Clear
2012-03-20 16:00:00,23.3,12.1,49,7,24.1,101.73,Clear
2012-03-20 17:00:00,22.0,12.1,53,7,24.1,101.72,Clear
2012-03-20 18:00:00,19.7,11.7,60,4,24.1,101.74,Clear
2012-03-20 19:00:00,17.5,10.9,65,6,25.0,101.79,Clear
2012-03-20 20:00:00,18.1,11.6,66,4,25.0,101.85,Clear
2012-03-20 21:00:00,16.0,10.9,72,6,25.0,101.89,Clear
2012-03-20 22:00:00,14.2,10.3,77,4,25.0,101.9,Clear
2012-03-20 23:00:00,14.3,10.7,79,6,25.0,101.91,Clear
2012-03-21 00:00:00,14.0,11.0,82,9,25.0,101.9,Clear
2012-03-21 01:00:00,12.4,10.5,88,4,25.0,101.92,Clear
2012-03-21 02:00:00,11.8,10.3,91,6,25.0,101.93,Clear
2012-03-21 03:00:00,11.4,9.8,90,4,25.0,101.93,Clear
2012-03-21 04:00:00,10.6,9.1,90,0,25.0,101.95,Clear
2012-03-21 05:00:00,10.0,8.8,92,0,25.0,102.02,Clear
2012-03-21 06:00:00,9.5,8.6,94,4,9.7,102.07,Fog
2012-03-21 07:00:00,11.3,9.9,91,4,9.7,102.1,Fog
2012-03-21 08:00:00,13.8,11.5,86,9,12.9,102.15,Clear
2012-03-21 09:00:00,15.9,11.8,77,7,19.3,102.17,Clear
2012-03-21 10:00:00,18.2,12.5,69,13,24.1,102.09,Clear
2012-03-21 11:00:00,20.2,12.3,60,15,24.1,102.01,Clear
2012-03-21 12:00:00,22.3,12.6,54,15,24.1,101.94,Clear
2012-03-21 13:00:00,23.8,12.1,48,17,24.1,101.85,Clear
2012-03-21 14:00:00,24.7,12.1,45,13,24.1,101.77,Clear
2012-03-21 15:00:00,25.4,12.0,43,17,48.3,101.72,Clear
2012-03-21 16:00:00,25.5,11.0,40,17,48.3,101.69,Clear
2012-03-21 17:00:00,25.2,10.7,40,13,48.3,101.68,Clear
2012-03-21 18:00:00,20.7,9.7,49,9,48.3,101.67,Clear
2012-03-21 19:00:00,17.2,9.1,59,6,25.0,101.67,Clear
2012-03-21 20:00:00,18.4,8.9,54,7,25.0,101.7,Clear
2012-03-21 21:00:00,16.4,9.7,65,13,25.0,101.68,Clear
2012-03-21 22:00:00,18.0,10.5,62,7,25.0,101.66,Clear
2012-03-21 23:00:00,16.5,9.5,63,7,25.0,101.66,Clear
2012-03-22 00:00:00,17.0,9.1,60,13,25.0,101.63,Clear
2012-03-22 01:00:00,15.5,8.7,64,11,25.0,101.62,Clear
2012-03-22 02:00:00,15.0,8.7,66,7,25.0,101.59,Clear
2012-03-22 03:00:00,11.0,7.4,78,9,25.0,101.56,Clear
2012-03-22 04:00:00,13.2,8.4,73,6,25.0,101.54,Clear
2012-03-22 05:00:00,12.8,8.5,75,13,25.0,101.59,Clear
2012-03-22 06:00:00,13.7,9.0,73,15,48.3,101.57,Mostly Cloudy
2012-03-22 07:00:00,14.2,9.5,73,22,24.1,101.55,Mainly Clear
2012-03-22 08:00:00,15.4,9.9,70,15,24.1,101.55,Mainly Clear
2012-03-22 09:00:00,17.3,10.4,64,22,24.1,101.53,Mainly Clear
2012-03-22 10:00:00,19.6,11.4,59,17,24.1,101.57,Mainly Clear
2012-03-22 11:00:00,20.4,11.9,58,15,24.1,101.52,Mainly Clear
2012-03-22 12:00:00,23.0,12.0,50,20,24.1,101.5,Mostly Cloudy
2012-03-22 13:00:00,23.3,12.1,49,19,24.1,101.43,Mostly Cloudy
2012-03-22 14:00:00,22.8,12.6,53,17,24.1,101.4,Cloudy
2012-03-22 15:00:00,21.4,12.8,58,6,24.1,101.38,Cloudy
2012-03-22 16:00:00,22.2,12.3,53,13,24.1,101.33,Mostly Cloudy
2012-03-22 17:00:00,20.0,12.2,61,11,24.1,101.39,Mostly Cloudy
2012-03-22 18:00:00,18.2,11.5,65,19,24.1,101.48,Rain Showers
2012-03-22 19:00:00,16.7,9.4,62,13,25.0,101.52,Rain Showers
2012-03-22 20:00:00,15.1,8.5,65,11,25.0,101.58,Mainly Clear
2012-03-22 21:00:00,12.1,7.4,73,7,25.0,101.59,Mainly Clear
2012-03-22 22:00:00,11.0,6.8,75,7,25.0,101.61,Mainly Clear
2012-03-22 23:00:00,11.3,7.2,76,6,25.0,101.62,Clear
2012-03-23 00:00:00,10.4,7.1,80,7,25.0,101.67,Mainly Clear
2012-03-23 01:00:00,10.3,7.5,83,0,25.0,101.7,Mainly Clear
2012-03-23 02:00:00,8.9,6.5,85,9,25.0,101.71,Mainly Clear
2012-03-23 03:00:00,8.8,6.4,85,9,25.0,101.72,Mainly Clear
2012-03-23 04:00:00,9.2,6.3,82,7,25.0,101.76,Clear
2012-03-23 05:00:00,8.0,5.2,82,9,25.0,101.85,Clear
2012-03-23 06:00:00,6.6,2.9,77,7,25.0,101.9,Clear
2012-03-23 07:00:00,8.4,3.0,69,0,48.3,101.93,Clear
2012-03-23 08:00:00,11.3,1.8,52,0,48.3,101.93,Clear
2012-03-23 09:00:00,12.8,2.3,49,4,48.3,101.94,Clear
2012-03-23 10:00:00,14.5,0.1,37,17,48.3,101.93,Clear
2012-03-23 11:00:00,14.9,-3.0,29,15,48.3,101.87,Clear
2012-03-23 12:00:00,16.2,-2.5,28,11,48.3,101.81,Mainly Clear
2012-03-23 13:00:00,16.8,-2.3,27,7,48.3,101.71,Mostly Cloudy
2012-03-23 14:00:00,16.6,-6.8,19,15,48.3,101.66,Mostly Cloudy
2012-03-23 15:00:00,16.4,-6.8,20,15,48.3,101.63,Mostly Cloudy
2012-03-23 16:00:00,15.5,-9.0,18,22,48.3,101.6,Cloudy
2012-03-23 17:00:00,14.7,-5.1,25,13,48.3,101.62,Cloudy
2012-03-23 18:00:00,13.4,-5.8,26,13,48.3,101.64,Cloudy
2012-03-23 19:00:00,11.8,-5.5,29,11,25.0,101.68,Mostly Cloudy
2012-03-23 20:00:00,10.9,-5.9,30,6,25.0,101.72,Cloudy
2012-03-23 21:00:00,10.8,-8.0,26,15,25.0,101.7,Mostly Cloudy
2012-03-23 22:00:00,10.6,-8.9,24,19,25.0,101.73,Cloudy
2012-03-23 23:00:00,9.9,-8.7,26,19,25.0,101.78,Mostly Cloudy
2012-03-24 00:00:00,8.4,-9.1,28,22,25.0,101.8,Mostly Cloudy
2012-03-24 01:00:00,7.3,-9.4,29,20,25.0,101.85,Mainly Clear
2012-03-24 02:00:00,6.2,-10.6,29,19,25.0,101.86,Mostly Cloudy
2012-03-24 03:00:00,5.3,-9.4,34,22,25.0,101.86,Mostly Cloudy
2012-03-24 04:00:00,4.4,-8.9,37,13,25.0,101.88,Cloudy
2012-03-24 05:00:00,3.6,-8.5,41,19,25.0,101.89,Cloudy
2012-03-24 06:00:00,3.2,-8.8,41,19,24.1,101.93,Cloudy
2012-03-24 07:00:00,3.1,-9.3,40,15,24.1,101.97,Cloudy
2012-03-24 08:00:00,2.7,-9.4,40,19,24.1,101.98,Cloudy
2012-03-24 09:00:00,3.0,-11.2,34,22,48.3,101.94,Cloudy
2012-03-24 10:00:00,3.7,-9.5,37,22,48.3,101.89,Cloudy
2012-03-24 11:00:00,3.7,-11.1,33,22,48.3,101.86,Cloudy
2012-03-24 12:00:00,4.8,-10.3,33,19,48.3,101.8,Cloudy
2012-03-24 13:00:00,4.7,-10.9,31,19,48.3,101.74,Cloudy
2012-03-24 14:00:00,6.1,-8.7,34,9,48.3,101.68,Cloudy
2012-03-24 15:00:00,5.8,-9.8,32,4,48.3,101.61,Cloudy
2012-03-24 16:00:00,6.1,-9.5,32,7,48.3,101.53,Cloudy
2012-03-24 17:00:00,6.1,-10.3,30,13,48.3,101.47,Cloudy
2012-03-24 18:00:00,6.1,-9.9,31,13,48.3,101.46,Cloudy
2012-03-24 19:00:00,6.2,-8.4,34,13,25.0,101.38,Cloudy
2012-03-24 20:00:00,6.3,-7.4,37,9,25.0,101.35,Cloudy
2012-03-24 21:00:00,6.6,-8.1,34,9,25.0,101.28,Cloudy
2012-03-24 22:00:00,6.6,-7.8,35,11,25.0,101.22,Cloudy
2012-03-24 23:00:00,6.5,-7.2,37,7,25.0,101.15,Rain Showers
2012-03-25 00:00:00,5.8,-5.7,43,20,25.0,101.05,Rain
2012-03-25 01:00:00,5.9,-6.2,41,13,25.0,101.03,Cloudy
2012-03-25 02:00:00,5.9,-5.0,45,9,25.0,100.91,Rain Showers
2012-03-25 03:00:00,5.8,-4.2,49,7,25.0,100.84,Cloudy
2012-03-25 04:00:00,5.3,-4.3,50,19,25.0,100.79,Cloudy
2012-03-25 05:00:00,4.5,-2.9,59,11,25.0,100.73,Cloudy
2012-03-25 06:00:00,3.8,-0.9,71,15,24.1,100.76,Rain Showers
2012-03-25 07:00:00,2.5,0.9,89,17,24.1,100.76,Rain
2012-03-25 08:00:00,3.0,1.5,90,6,24.1,100.74,Rain
2012-03-25 09:00:00,3.1,2.0,92,0,6.4,100.71,"Rain,Fog"
2012-03-25 10:00:00,3.9,2.7,92,0,12.9,100.66,Cloudy
2012-03-25 11:00:00,5.2,3.6,89,6,16.1,100.58,Cloudy
2012-03-25 12:00:00,5.9,3.7,86,6,24.1,100.54,Cloudy
2012-03-25 13:00:00,6.6,4.0,83,6,24.1,100.47,Cloudy
2012-03-25 14:00:00,7.5,4.1,79,11,24.1,100.39,Cloudy
2012-03-25 15:00:00,7.6,4.6,81,9,24.1,100.29,Mostly Cloudy
2012-03-25 16:00:00,8.4,4.8,78,9,24.1,100.27,Cloudy
2012-03-25 17:00:00,9.2,5.3,77,7,24.1,100.26,Cloudy
2012-03-25 18:00:00,8.9,5.7,80,7,24.1,100.28,Mostly Cloudy
2012-03-25 19:00:00,8.7,5.2,79,4,25.0,100.25,Mainly Clear
2012-03-25 20:00:00,7.3,4.9,85,7,25.0,100.22,Mostly Cloudy
2012-03-25 21:00:00,8.2,5.7,84,13,25.0,100.21,Mainly Clear
2012-03-25 22:00:00,7.5,5.5,87,11,25.0,100.17,Mainly Clear
2012-03-25 23:00:00,6.4,4.8,89,11,25.0,100.12,Mostly Cloudy
2012-03-26 00:00:00,7.3,3.7,78,24,25.0,100.19,Rain Showers
2012-03-26 01:00:00,4.6,-1.9,63,33,25.0,100.29,Rain Showers
2012-03-26 02:00:00,2.6,-3.7,63,26,25.0,100.4,Cloudy
2012-03-26 03:00:00,0.8,-8.9,48,26,25.0,100.6,Mostly Cloudy
2012-03-26 04:00:00,-1.1,-10.4,49,22,25.0,100.74,Clear
2012-03-26 05:00:00,-1.9,-10.9,50,20,25.0,100.86,Clear
2012-03-26 06:00:00,-3.8,-13.4,47,32,24.1,101.03,Clear
2012-03-26 07:00:00,-3.8,-13.6,46,26,48.3,101.19,Mainly Clear
2012-03-26 08:00:00,-4.0,-12.6,51,26,48.3,101.27,Mostly Cloudy
2012-03-26 09:00:00,-3.0,-13.1,46,22,48.3,101.33,Mainly Clear
2012-03-26 10:00:00,-2.1,-13.0,43,26,48.3,101.32,Mainly Clear
2012-03-26 11:00:00,-0.6,-11.4,44,28,48.3,101.3,Mainly Clear
2012-03-26 12:00:00,0.2,-11.4,41,30,48.3,101.28,Mainly Clear
2012-03-26 13:00:00,0.6,-12.6,36,28,48.3,101.26,Mainly Clear
2012-03-26 14:00:00,1.3,-13.3,33,28,48.3,101.24,Mainly Clear
2012-03-26 15:00:00,1.4,-14.8,29,30,48.3,101.26,Mainly Clear
2012-03-26 16:00:00,1.3,-15.7,27,30,48.3,101.29,Clear
2012-03-26 17:00:00,1.2,-16.3,26,32,48.3,101.34,Clear
2012-03-26 18:00:00,0.1,-17.3,26,24,48.3,101.43,Clear
2012-03-26 19:00:00,-0.7,-18.0,26,28,25.0,101.56,Clear
2012-03-26 20:00:00,-1.4,-18.7,25,28,25.0,101.68,Clear
2012-03-26 21:00:00,-2.3,-18.4,28,24,25.0,101.79,Clear
2012-03-26 22:00:00,-2.9,-17.8,31,28,25.0,101.84,Clear
2012-03-26 23:00:00,-3.6,-17.4,33,26,25.0,101.9,Clear
2012-03-27 00:00:00,-4.3,-17.6,35,22,25.0,101.94,Clear
2012-03-27 01:00:00,-5.0,-17.7,36,19,25.0,101.96,Clear
2012-03-27 02:00:00,-5.4,-16.8,40,17,25.0,102.02,Clear
2012-03-27 03:00:00,-6.0,-17.0,41,17,25.0,102.06,Clear
2012-03-27 04:00:00,-6.5,-17.3,42,13,25.0,102.14,Clear
2012-03-27 05:00:00,-7.4,-16.4,49,11,25.0,102.24,Clear
2012-03-27 06:00:00,-7.5,-16.4,49,9,48.3,102.31,Clear
2012-03-27 07:00:00,-6.1,-17.7,39,9,48.3,102.39,Clear
2012-03-27 08:00:00,-5.1,-18.7,34,13,48.3,102.41,Clear
2012-03-27 09:00:00,-4.3,-20.3,27,9,48.3,102.44,Clear
2012-03-27 10:00:00,-2.5,-21.7,21,0,48.3,102.48,Clear
2012-03-27 11:00:00,-1.6,-20.6,22,6,48.3,102.43,Clear
2012-03-27 12:00:00,0.2,-16.7,27,9,48.3,102.31,Clear
2012-03-27 13:00:00,1.0,-16.1,27,6,48.3,102.2,Mainly Clear
2012-03-27 14:00:00,1.7,-18.4,21,13,48.3,102.06,Mainly Clear
2012-03-27 15:00:00,2.1,-16.5,24,15,48.3,101.98,Mainly Clear
2012-03-27 16:00:00,2.7,-13.0,30,17,48.3,101.93,Mostly Cloudy
2012-03-27 17:00:00,2.7,-12.3,32,19,48.3,101.88,Mostly Cloudy
2012-03-27 18:00:00,2.6,-11.9,33,15,48.3,101.79,Mostly Cloudy
2012-03-27 19:00:00,2.8,-11.7,33,11,25.0,101.74,Mostly Cloudy
2012-03-27 20:00:00,2.6,-11.4,35,13,25.0,101.68,Cloudy
2012-03-27 21:00:00,2.1,-10.7,38,9,25.0,101.67,Cloudy
2012-03-27 22:00:00,1.0,-10.1,43,20,25.0,101.47,Cloudy
2012-03-27 23:00:00,1.0,-10.8,41,13,25.0,101.44,Cloudy
2012-03-28 00:00:00,1.0,-10.8,41,6,16.1,101.58,Snow
2012-03-28 01:00:00,-1.1,-4.5,78,11,16.1,101.39,Snow
2012-03-28 02:00:00,-1.0,-4.8,75,13,9.7,101.28,Snow
2012-03-28 03:00:00,-1.6,-4.1,83,20,25.0,101.08,Snow
2012-03-28 04:00:00,-1.5,-3.8,84,20,25.0,100.88,Snow
2012-03-28 05:00:00,-1.0,-3.9,81,19,25.0,100.68,Cloudy
2012-03-28 06:00:00,-0.3,-3.5,79,20,24.1,100.51,Snow
2012-03-28 07:00:00,0.5,-2.7,79,22,24.1,100.4,Snow
2012-03-28 08:00:00,0.8,-2.9,76,19,8.0,100.25,"Snow,Ice Pellets"
2012-03-28 09:00:00,2.1,-3.3,67,15,48.3,100.08,Cloudy
2012-03-28 10:00:00,2.3,-3.3,66,11,48.3,99.94,Cloudy
2012-03-28 11:00:00,2.8,-2.1,70,13,48.3,99.74,Cloudy
2012-03-28 12:00:00,3.8,-3.2,60,7,48.3,99.64,Cloudy
2012-03-28 13:00:00,4.3,-2.9,59,9,48.3,99.51,Cloudy
2012-03-28 14:00:00,4.4,-1.2,67,13,24.1,99.45,Rain
2012-03-28 15:00:00,2.5,0.6,87,19,19.3,99.42,Rain
2012-03-28 16:00:00,2.2,0.7,90,20,12.9,99.48,Rain
2012-03-28 17:00:00,1.5,0.2,91,19,16.1,99.53,Drizzle
2012-03-28 18:00:00,1.3,-0.2,90,13,16.1,99.63,Drizzle
2012-03-28 19:00:00,1.3,-0.2,90,11,12.9,99.74,Cloudy
2012-03-28 20:00:00,1.2,-0.3,90,13,9.7,99.86,Fog
2012-03-28 21:00:00,1.0,-0.5,90,15,9.7,99.92,Fog
2012-03-28 22:00:00,1.0,-0.7,88,13,9.7,99.95,Fog
2012-03-28 23:00:00,0.8,-1.0,88,17,11.3,99.99,Cloudy
2012-03-29 00:00:00,0.6,-1.2,88,15,12.9,100.05,Cloudy
2012-03-29 01:00:00,0.5,-1.5,86,11,12.9,100.12,Cloudy
2012-03-29 02:00:00,0.4,-1.8,85,17,25.0,100.15,Cloudy
2012-03-29 03:00:00,0.5,-1.9,84,11,25.0,100.19,Cloudy
2012-03-29 04:00:00,0.6,-2.1,82,11,25.0,100.27,Cloudy
2012-03-29 05:00:00,0.6,-2.1,82,9,25.0,100.35,Snow
2012-03-29 06:00:00,0.7,-1.9,83,6,24.1,100.44,Snow
2012-03-29 07:00:00,0.8,-1.6,84,7,24.1,100.52,Snow
2012-03-29 08:00:00,1.5,-1.1,83,6,16.1,100.59,Snow
2012-03-29 09:00:00,2.5,-1.2,77,9,24.1,100.64,Snow
2012-03-29 10:00:00,3.2,-2.4,67,13,24.1,100.7,Cloudy
2012-03-29 11:00:00,3.6,-2.2,66,9,24.1,100.71,Cloudy
2012-03-29 12:00:00,3.9,-2.2,64,6,24.1,100.71,Cloudy
2012-03-29 13:00:00,4.2,-2.5,62,13,24.1,100.72,Cloudy
2012-03-29 14:00:00,4.0,-2.8,61,15,24.1,100.76,Cloudy
2012-03-29 15:00:00,4.1,-3.5,58,19,24.1,100.81,Cloudy
2012-03-29 16:00:00,3.9,-2.8,62,13,24.1,100.87,Cloudy
2012-03-29 17:00:00,3.5,-4.1,57,24,24.1,100.92,Cloudy
2012-03-29 18:00:00,3.4,-5.6,52,20,24.1,100.97,Mostly Cloudy
2012-03-29 19:00:00,2.9,-5.6,54,19,25.0,101.01,Cloudy
2012-03-29 20:00:00,2.2,-4.7,60,19,25.0,101.07,Cloudy
2012-03-29 21:00:00,1.9,-6.3,55,24,25.0,101.11,Mostly Cloudy
2012-03-29 22:00:00,1.4,-7.4,52,17,25.0,101.14,Mostly Cloudy
2012-03-29 23:00:00,0.8,-8.2,51,24,25.0,101.17,Mostly Cloudy
2012-03-30 00:00:00,0.1,-9.1,50,19,25.0,101.18,Mostly Cloudy
2012-03-30 01:00:00,-1.0,-9.8,51,20,25.0,101.21,Mainly Clear
2012-03-30 02:00:00,-2.2,-9.7,56,15,25.0,101.22,Clear
2012-03-30 03:00:00,-3.5,-11.4,54,19,25.0,101.25,Mainly Clear
2012-03-30 04:00:00,-4.3,-10.8,60,4,25.0,101.33,Mainly Clear
2012-03-30 05:00:00,-5.1,-10.4,66,11,24.1,101.32,Clear
2012-03-30 06:00:00,-4.8,-10.8,63,13,48.3,101.39,Clear
2012-03-30 07:00:00,-4.3,-10.9,60,15,48.3,101.52,Clear
2012-03-30 08:00:00,-3.0,-10.4,57,11,48.3,101.56,Clear
2012-03-30 09:00:00,-2.0,-10.1,54,13,48.3,101.63,Clear
2012-03-30 10:00:00,-0.8,-9.5,52,9,48.3,101.62,Clear
2012-03-30 11:00:00,0.9,-9.6,45,4,48.3,101.57,Mostly Cloudy
2012-03-30 12:00:00,1.6,-8.0,49,17,48.3,101.52,Mainly Clear
2012-03-30 13:00:00,3.1,-9.1,40,6,48.3,101.38,Mainly Clear
2012-03-30 14:00:00,4.4,-8.8,38,17,48.3,101.3,Mainly Clear
2012-03-30 15:00:00,4.8,-8.9,36,17,48.3,101.26,Mostly Cloudy
2012-03-30 16:00:00,4.8,-9.3,35,15,48.3,101.26,Mostly Cloudy
2012-03-30 17:00:00,4.4,-8.6,38,15,48.3,101.24,Mostly Cloudy
2012-03-30 18:00:00,3.9,-7.9,42,11,24.1,101.26,Mostly Cloudy
2012-03-30 19:00:00,3.1,-6.7,49,7,25.0,101.29,Mostly Cloudy
2012-03-30 20:00:00,3.0,-8.4,43,7,25.0,101.3,Mostly Cloudy
2012-03-30 21:00:00,1.7,-9.0,45,4,25.0,101.32,Cloudy
2012-03-30 22:00:00,0.4,-8.1,53,0,25.0,101.3,Mostly Cloudy
2012-03-30 23:00:00,1.4,-7.7,51,6,25.0,101.34,Mainly Clear
2012-03-31 00:00:00,1.5,-8.6,47,13,25.0,101.33,Mostly Cloudy
2012-03-31 01:00:00,1.3,-9.6,44,13,25.0,101.31,Mostly Cloudy
2012-03-31 02:00:00,1.3,-9.7,44,11,25.0,101.29,Cloudy
2012-03-31 03:00:00,0.7,-8.8,49,13,25.0,101.3,Cloudy
2012-03-31 04:00:00,-0.9,-8.5,56,13,25.0,101.32,Cloudy
2012-03-31 05:00:00,-0.6,-9.2,52,13,25.0,101.3,Cloudy
2012-03-31 06:00:00,-0.5,-9.2,52,15,48.3,101.32,Cloudy
2012-03-31 07:00:00,-0.3,-9.2,51,19,48.3,101.32,Cloudy
2012-03-31 08:00:00,0.7,-8.5,50,17,48.3,101.33,Cloudy
2012-03-31 09:00:00,1.5,-7.8,50,17,48.3,101.34,Mostly Cloudy
2012-03-31 10:00:00,2.9,-8.1,44,15,48.3,101.3,Mainly Clear
2012-03-31 11:00:00,4.6,-9.7,35,7,48.3,101.24,Clear
2012-03-31 12:00:00,6.4,-7.1,37,11,48.3,101.16,Clear
2012-03-31 13:00:00,6.5,-9.7,30,9,48.3,101.08,Clear
2012-03-31 14:00:00,7.7,-8.5,31,4,48.3,101.01,Mainly Clear
2012-03-31 15:00:00,7.7,-8.6,30,6,48.3,100.94,Mainly Clear
2012-03-31 16:00:00,8.4,-7.7,31,4,48.3,100.89,Mainly Clear
2012-03-31 17:00:00,7.9,-8.1,31,6,48.3,100.88,Mainly Clear
2012-03-31 18:00:00,7.0,-8.2,33,7,48.3,100.87,Mainly Clear
2012-03-31 19:00:00,5.9,-8.0,36,4,25.0,100.88,Clear
2012-03-31 20:00:00,4.4,-7.2,43,9,25.0,100.85,Clear
2012-03-31 21:00:00,2.6,-6.3,52,7,25.0,100.86,Clear
2012-03-31 22:00:00,2.7,-6.7,50,0,25.0,100.82,Clear
2012-03-31 23:00:00,1.5,-6.9,54,0,25.0,100.79,Clear
